observation,workflow,ingest_demand,duration,channels,coarse_channels,demand,workflow_type,graph_type,data,data_distribution,nodes,dir,telescope,timestep,method,time
hpso02a,workflows/8988841495393588671_2024-11-10_21-38-50,59,18000,32768,896,512,['prototype'],ICAL.DPrepA.DPrepB.DPrepC.DPrepD,False,standard,896,/home/rwb/Dropbox/University/PhD/experiment_data/chapter3/maximal/all,low-adjusted,15,heft,1928
hpso01,workflows/-4798338277640702793_2024-11-10_21-42-33,118,18000,65536,896,512,['prototype'],ICAL.DPrepA.DPrepB.DPrepC.DPrepD,True,standard,896,/home/rwb/Dropbox/University/PhD/experiment_data/chapter3/maximal/all,low-adjusted,15,heft,7846
hpso01,workflows/-4798338277640702793_2024-11-10_21-35-13,118,18000,65536,896,512,['prototype'],ICAL.DPrepA.DPrepB.DPrepC.DPrepD,False,standard,896,/home/rwb/Dropbox/University/PhD/experiment_data/chapter3/maximal/all,low-adjusted,1,heft,33830
hpso02a,workflows/8988841495393588671_2024-11-10_21-38-50,59,18000,32768,896,512,['prototype'],ICAL.DPrepA.DPrepB.DPrepC.DPrepD,False,standard,896,/home/rwb/Dropbox/University/PhD/experiment_data/chapter3/maximal/all,low-adjusted,60,heft,579
hpso02a,workflows/8988841495393588671_2024-11-10_21-38-50,59,18000,32768,896,512,['prototype'],ICAL.DPrepA.DPrepB.DPrepC.DPrepD,False,standard,896,/home/rwb/Dropbox/University/PhD/experiment_data/chapter3/maximal/all,low-adjusted,15,heft,1928
hpso02a,workflows/8988841495393588671_2024-11-10_21-45-53,59,18000,32768,896,512,['prototype'],ICAL.DPrepA.DPrepB.DPrepC.DPrepD,True,standard,896,/home/rwb/Dropbox/University/PhD/experiment_data/chapter3/maximal/all,low-adjusted,15,heft,4399
hpso02a,workflows/8988841495393588671_2024-11-10_21-38-50,59,18000,32768,896,512,['prototype'],ICAL.DPrepA.DPrepB.DPrepC.DPrepD,False,standard,896,/home/rwb/Dropbox/University/PhD/experiment_data/chapter3/maximal/all,low-adjusted,1,heft,27455
hpso01,workflows/-4798338277640702793_2024-11-10_21-42-33,118,18000,65536,896,512,['prototype'],ICAL.DPrepA.DPrepB.DPrepC.DPrepD,True,standard,896,/home/rwb/Dropbox/University/PhD/experiment_data/chapter3/maximal/all,low-adjusted,1,heft,116561
hpso02a,workflows/8988841495393588671_2024-11-10_21-45-53,59,18000,32768,896,512,['prototype'],ICAL.DPrepA.DPrepB.DPrepC.DPrepD,True,standard,896,/home/rwb/Dropbox/University/PhD/experiment_data/chapter3/maximal/all,low-adjusted,15,heft,4399
hpso01,workflows/-4798338277640702793_2024-11-10_21-35-13,118,18000,65536,896,512,['prototype'],ICAL.DPrepA.DPrepB.DPrepC.DPrepD,False,standard,896,/home/rwb/Dropbox/University/PhD/experiment_data/chapter3/maximal/all,low-adjusted,30,heft,1239
hpso02a,workflows/8988841495393588671_2024-11-10_21-38-50,59,18000,32768,896,512,['prototype'],ICAL.DPrepA.DPrepB.DPrepC.DPrepD,False,standard,896,/home/rwb/Dropbox/University/PhD/experiment_data/chapter3/maximal/all,low-adjusted,1,heft,27455
hpso02a,workflows/8988841495393588671_2024-11-10_21-45-53,59,18000,32768,896,512,['prototype'],ICAL.DPrepA.DPrepB.DPrepC.DPrepD,True,standard,896,/home/rwb/Dropbox/University/PhD/experiment_data/chapter3/maximal/all,low-adjusted,1,heft,64868
hpso01,workflows/-4798338277640702793_2024-11-10_21-42-33,118,18000,65536,896,512,['prototype'],ICAL.DPrepA.DPrepB.DPrepC.DPrepD,True,standard,896,/home/rwb/Dropbox/University/PhD/experiment_data/chapter3/maximal/all,low-adjusted,30,heft,3978
hpso02a,workflows/8988841495393588671_2024-11-10_21-38-50,59,18000,32768,896,512,['prototype'],ICAL.DPrepA.DPrepB.DPrepC.DPrepD,False,standard,896,/home/rwb/Dropbox/University/PhD/experiment_data/chapter3/maximal/all,low-adjusted,30,heft,1025
hpso01,workflows/-4798338277640702793_2024-11-10_21-35-13,118,18000,65536,896,512,['prototype'],ICAL.DPrepA.DPrepB.DPrepC.DPrepD,False,standard,896,/home/rwb/Dropbox/University/PhD/experiment_data/chapter3/maximal/all,low-adjusted,5,heft,6841
hpso02a,workflows/8988841495393588671_2024-11-10_21-45-53,59,18000,32768,896,512,['prototype'],ICAL.DPrepA.DPrepB.DPrepC.DPrepD,True,standard,896,/home/rwb/Dropbox/University/PhD/experiment_data/chapter3/maximal/all,low-adjusted,1,heft,64868
hpso02a,workflows/8988841495393588671_2024-11-10_21-38-50,59,18000,32768,896,512,['prototype'],ICAL.DPrepA.DPrepB.DPrepC.DPrepD,False,standard,896,/home/rwb/Dropbox/University/PhD/experiment_data/chapter3/maximal/all,low-adjusted,30,heft,1025
hpso02a,workflows/8988841495393588671_2024-11-10_21-45-53,59,18000,32768,896,512,['prototype'],ICAL.DPrepA.DPrepB.DPrepC.DPrepD,True,standard,896,/home/rwb/Dropbox/University/PhD/experiment_data/chapter3/maximal/all,low-adjusted,30,heft,2259
hpso02a,workflows/8988841495393588671_2024-11-10_21-38-50,59,18000,32768,896,512,['prototype'],ICAL.DPrepA.DPrepB.DPrepC.DPrepD,False,standard,896,/home/rwb/Dropbox/University/PhD/experiment_data/chapter3/maximal/all,low-adjusted,5,heft,5564
hpso01,workflows/-4798338277640702793_2024-11-10_21-42-33,118,18000,65536,896,512,['prototype'],ICAL.DPrepA.DPrepB.DPrepC.DPrepD,True,standard,896,/home/rwb/Dropbox/University/PhD/experiment_data/chapter3/maximal/all,low-adjusted,5,heft,23362
hpso01,workflows/-4798338277640702793_2024-11-10_21-35-13,118,18000,65536,896,512,['prototype'],ICAL.DPrepA.DPrepB.DPrepC.DPrepD,False,standard,896,/home/rwb/Dropbox/University/PhD/experiment_data/chapter3/maximal/all,low-adjusted,60,heft,677
hpso02a,workflows/8988841495393588671_2024-11-10_21-45-53,59,18000,32768,896,512,['prototype'],ICAL.DPrepA.DPrepB.DPrepC.DPrepD,True,standard,896,/home/rwb/Dropbox/University/PhD/experiment_data/chapter3/maximal/all,low-adjusted,30,heft,2259
hpso02a,workflows/8988841495393588671_2024-11-10_21-38-50,59,18000,32768,896,512,['prototype'],ICAL.DPrepA.DPrepB.DPrepC.DPrepD,False,standard,896,/home/rwb/Dropbox/University/PhD/experiment_data/chapter3/maximal/all,low-adjusted,5,heft,5564
hpso02a,workflows/8988841495393588671_2024-11-10_21-45-53,59,18000,32768,896,512,['prototype'],ICAL.DPrepA.DPrepB.DPrepC.DPrepD,True,standard,896,/home/rwb/Dropbox/University/PhD/experiment_data/chapter3/maximal/all,low-adjusted,5,heft,13020
hpso02a,workflows/8988841495393588671_2024-11-10_21-38-50,59,18000,32768,896,512,['prototype'],ICAL.DPrepA.DPrepB.DPrepC.DPrepD,False,standard,896,/home/rwb/Dropbox/University/PhD/experiment_data/chapter3/maximal/all,low-adjusted,60,heft,579
hpso01,workflows/-4798338277640702793_2024-11-10_21-42-33,118,18000,65536,896,512,['prototype'],ICAL.DPrepA.DPrepB.DPrepC.DPrepD,True,standard,896,/home/rwb/Dropbox/University/PhD/experiment_data/chapter3/maximal/all,low-adjusted,60,heft,2052
hpso01,workflows/-4798338277640702793_2024-11-10_21-35-13,118,18000,65536,896,512,['prototype'],ICAL.DPrepA.DPrepB.DPrepC.DPrepD,False,standard,896,/home/rwb/Dropbox/University/PhD/experiment_data/chapter3/maximal/all,low-adjusted,15,heft,2357
hpso02a,workflows/8988841495393588671_2024-11-10_21-45-53,59,18000,32768,896,512,['prototype'],ICAL.DPrepA.DPrepB.DPrepC.DPrepD,True,standard,896,/home/rwb/Dropbox/University/PhD/experiment_data/chapter3/maximal/all,low-adjusted,5,heft,13020
hpso32,workflows/-2887030758418618714_2024-11-10_22-26-42,17,7920,65536,796,197,['prototype'],ICAL.DPrepB,True,edges,796,/home/rwb/Dropbox/University/PhD/experiment_data/chapter3/maximal/all,mid-adjusted,60,heft,78
hpso15,workflows/-5643670302229644219_2024-11-10_22-21-16,12,15840,65536,796,197,['prototype'],ICAL.DPrepA.DPrepB.DPrepC,True,edges,796,/home/rwb/Dropbox/University/PhD/experiment_data/chapter3/maximal/all,mid-adjusted,5,heft,251
hpso13,workflows/-6945540424978040141_2024-11-10_22-18-30,30,28800,65536,796,197,['prototype'],ICAL.DPrepA.DPrepB.DPrepC,True,edges,796,/home/rwb/Dropbox/University/PhD/experiment_data/chapter3/maximal/all,mid-adjusted,30,heft,379
hpso13,workflows/-6945540424978040141_2024-11-10_22-07-45,30,28800,65536,796,197,['prototype'],ICAL.DPrepA.DPrepB.DPrepC,True,standard,796,/home/rwb/Dropbox/University/PhD/experiment_data/chapter3/maximal/all,mid-adjusted,1,heft,8529
hpso22,workflows/2768866859543975590_2024-11-10_22-23-56,81,28800,65536,796,197,['prototype'],ICAL.DPrepA.DPrepB,True,edges,796,/home/rwb/Dropbox/University/PhD/experiment_data/chapter3/maximal/all,mid-adjusted,5,heft,73117
hpso02a,workflows/8988841495393588671_2024-11-10_21-45-53,59,18000,32768,896,512,['prototype'],ICAL.DPrepA.DPrepB.DPrepC.DPrepD,True,standard,896,/home/rwb/Dropbox/University/PhD/experiment_data/chapter3/maximal/all,low-adjusted,60,heft,1201
hpso15,workflows/-5643670302229644219_2024-11-10_22-21-16,12,15840,65536,796,197,['prototype'],ICAL.DPrepA.DPrepB.DPrepC,True,edges,796,/home/rwb/Dropbox/University/PhD/experiment_data/chapter3/maximal/all,mid-adjusted,30,heft,150
hpso32,workflows/-2887030758418618714_2024-11-10_22-26-42,17,7920,65536,796,197,['prototype'],ICAL.DPrepB,True,edges,796,/home/rwb/Dropbox/University/PhD/experiment_data/chapter3/maximal/all,mid-adjusted,5,heft,218
hpso15,workflows/-5643670302229644219_2024-11-10_22-10-30,12,15840,65536,796,197,['prototype'],ICAL.DPrepA.DPrepB.DPrepC,True,standard,796,/home/rwb/Dropbox/University/PhD/experiment_data/chapter3/maximal/all,mid-adjusted,1,heft,785
hpso22,workflows/2768866859543975590_2024-11-10_22-23-56,81,28800,65536,796,197,['prototype'],ICAL.DPrepA.DPrepB,True,edges,796,/home/rwb/Dropbox/University/PhD/experiment_data/chapter3/maximal/all,mid-adjusted,30,heft,10102
hpso13,workflows/-6945540424978040141_2024-11-10_22-18-30,30,28800,65536,796,197,['prototype'],ICAL.DPrepA.DPrepB.DPrepC,True,edges,796,/home/rwb/Dropbox/University/PhD/experiment_data/chapter3/maximal/all,mid-adjusted,15,heft,686
hpso32,workflows/-2887030758418618714_2024-11-10_22-26-42,17,7920,65536,796,197,['prototype'],ICAL.DPrepB,True,edges,796,/home/rwb/Dropbox/University/PhD/experiment_data/chapter3/maximal/all,mid-adjusted,30,heft,90
hpso22,workflows/2768866859543975590_2024-11-10_22-13-06,81,28800,65536,796,197,['prototype'],ICAL.DPrepA.DPrepB,True,standard,796,/home/rwb/Dropbox/University/PhD/experiment_data/chapter3/maximal/all,mid-adjusted,1,heft,132569
hpso32,workflows/-2887030758418618714_2024-11-10_22-15-56,17,7920,65536,796,197,['prototype'],ICAL.DPrepB,True,standard,796,/home/rwb/Dropbox/University/PhD/experiment_data/chapter3/maximal/all,mid-adjusted,1,heft,847
hpso02a,workflows/8988841495393588671_2024-11-10_21-45-53,59,18000,32768,896,512,['prototype'],ICAL.DPrepA.DPrepB.DPrepC.DPrepD,True,standard,896,/home/rwb/Dropbox/University/PhD/experiment_data/chapter3/maximal/all,low-adjusted,60,heft,1201
hpso15,workflows/-5643670302229644219_2024-11-10_22-21-16,12,15840,65536,796,197,['prototype'],ICAL.DPrepA.DPrepB.DPrepC,True,edges,796,/home/rwb/Dropbox/University/PhD/experiment_data/chapter3/maximal/all,mid-adjusted,15,heft,168
hpso13,workflows/-6945540424978040141_2024-11-10_22-18-30,30,28800,65536,796,197,['prototype'],ICAL.DPrepA.DPrepB.DPrepC,True,edges,796,/home/rwb/Dropbox/University/PhD/experiment_data/chapter3/maximal/all,mid-adjusted,60,heft,250
hpso13,workflows/-6945540424978040141_2024-11-10_22-07-45,30,28800,65536,796,197,['prototype'],ICAL.DPrepA.DPrepB.DPrepC,True,standard,796,/home/rwb/Dropbox/University/PhD/experiment_data/chapter3/maximal/all,mid-adjusted,5,heft,1750
hpso13,workflows/-6945540424978040141_2024-11-10_22-18-30,30,28800,65536,796,197,['prototype'],ICAL.DPrepA.DPrepB.DPrepC,True,edges,796,/home/rwb/Dropbox/University/PhD/experiment_data/chapter3/maximal/all,mid-adjusted,1,heft,16487
hpso22,workflows/2768866859543975590_2024-11-10_22-23-56,81,28800,65536,796,197,['prototype'],ICAL.DPrepA.DPrepB,True,edges,796,/home/rwb/Dropbox/University/PhD/experiment_data/chapter3/maximal/all,mid-adjusted,15,heft,22349
hpso15,workflows/-5643670302229644219_2024-11-10_22-21-16,12,15840,65536,796,197,['prototype'],ICAL.DPrepA.DPrepB.DPrepC,True,edges,796,/home/rwb/Dropbox/University/PhD/experiment_data/chapter3/maximal/all,mid-adjusted,60,heft,146
hpso32,workflows/-2887030758418618714_2024-11-10_22-26-42,17,7920,65536,796,197,['prototype'],ICAL.DPrepB,True,edges,796,/home/rwb/Dropbox/University/PhD/experiment_data/chapter3/maximal/all,mid-adjusted,15,heft,112
hpso15,workflows/-5643670302229644219_2024-11-10_22-10-30,12,15840,65536,796,197,['prototype'],ICAL.DPrepA.DPrepB.DPrepC,True,standard,796,/home/rwb/Dropbox/University/PhD/experiment_data/chapter3/maximal/all,mid-adjusted,5,heft,251
hpso15,workflows/-5643670302229644219_2024-11-10_22-21-16,12,15840,65536,796,197,['prototype'],ICAL.DPrepA.DPrepB.DPrepC,True,edges,796,/home/rwb/Dropbox/University/PhD/experiment_data/chapter3/maximal/all,mid-adjusted,1,heft,836
hpso22,workflows/2768866859543975590_2024-11-10_22-23-56,81,28800,65536,796,197,['prototype'],ICAL.DPrepA.DPrepB,True,edges,796,/home/rwb/Dropbox/University/PhD/experiment_data/chapter3/maximal/all,mid-adjusted,60,heft,4414
hpso22,workflows/2768866859543975590_2024-11-10_22-13-06,81,28800,65536,796,197,['prototype'],ICAL.DPrepA.DPrepB,True,standard,796,/home/rwb/Dropbox/University/PhD/experiment_data/chapter3/maximal/all,mid-adjusted,5,heft,26539
hpso32,workflows/-2887030758418618714_2024-11-10_22-15-56,17,7920,65536,796,197,['prototype'],ICAL.DPrepB,True,standard,796,/home/rwb/Dropbox/University/PhD/experiment_data/chapter3/maximal/all,mid-adjusted,5,heft,214
hpso22,workflows/2768866859543975590_2024-11-10_22-23-56,81,28800,65536,796,197,['prototype'],ICAL.DPrepA.DPrepB,True,edges,796,/home/rwb/Dropbox/University/PhD/experiment_data/chapter3/maximal/all,mid-adjusted,1,heft,387913
hpso15,workflows/-5643670302229644219_2024-11-10_22-10-30,12,15840,65536,796,197,['prototype'],ICAL.DPrepA.DPrepB.DPrepC,True,standard,796,/home/rwb/Dropbox/University/PhD/experiment_data/chapter3/maximal/all,mid-adjusted,30,heft,150
hpso32,workflows/-2887030758418618714_2024-11-10_22-26-42,17,7920,65536,796,197,['prototype'],ICAL.DPrepB,True,edges,796,/home/rwb/Dropbox/University/PhD/experiment_data/chapter3/maximal/all,mid-adjusted,1,heft,1013
hpso13,workflows/-6945540424978040141_2024-11-10_21-57-52,30,28800,65536,796,197,['prototype'],ICAL.DPrepA.DPrepB.DPrepC,False,standard,796,/home/rwb/Dropbox/University/PhD/experiment_data/chapter3/maximal/all,mid-adjusted,1,heft,5834
hpso22,workflows/2768866859543975590_2024-11-10_22-13-06,81,28800,65536,796,197,['prototype'],ICAL.DPrepA.DPrepB,True,standard,796,/home/rwb/Dropbox/University/PhD/experiment_data/chapter3/maximal/all,mid-adjusted,30,heft,4432
hpso13,workflows/-6945540424978040141_2024-11-10_22-07-45,30,28800,65536,796,197,['prototype'],ICAL.DPrepA.DPrepB.DPrepC,True,standard,796,/home/rwb/Dropbox/University/PhD/experiment_data/chapter3/maximal/all,mid-adjusted,15,heft,654
hpso32,workflows/-2887030758418618714_2024-11-10_22-15-56,17,7920,65536,796,197,['prototype'],ICAL.DPrepB,True,standard,796,/home/rwb/Dropbox/University/PhD/experiment_data/chapter3/maximal/all,mid-adjusted,30,heft,90
hpso13,workflows/-6945540424978040141_2024-11-10_22-18-30,30,28800,65536,796,197,['prototype'],ICAL.DPrepA.DPrepB.DPrepC,True,edges,796,/home/rwb/Dropbox/University/PhD/experiment_data/chapter3/maximal/all,mid-adjusted,5,heft,2228
hpso15,workflows/-5643670302229644219_2024-11-10_22-00-24,12,15840,65536,796,197,['prototype'],ICAL.DPrepA.DPrepB.DPrepC,False,standard,796,/home/rwb/Dropbox/University/PhD/experiment_data/chapter3/maximal/all,mid-adjusted,1,heft,608
hpso32,workflows/-2887030758418618714_2024-11-10_22-05-22,17,7920,65536,796,197,['prototype'],ICAL.DPrepB,False,standard,796,/home/rwb/Dropbox/University/PhD/experiment_data/chapter3/maximal/all,mid-adjusted,5,heft,196
hpso15,workflows/-5643670302229644219_2024-11-10_22-10-30,12,15840,65536,796,197,['prototype'],ICAL.DPrepA.DPrepB.DPrepC,True,standard,796,/home/rwb/Dropbox/University/PhD/experiment_data/chapter3/maximal/all,mid-adjusted,15,heft,168
hpso22,workflows/2768866859543975590_2024-11-10_22-02-55,81,28800,65536,796,197,['prototype'],ICAL.DPrepA.DPrepB,False,standard,796,/home/rwb/Dropbox/University/PhD/experiment_data/chapter3/maximal/all,mid-adjusted,1,heft,62990
hpso13,workflows/-6945540424978040141_2024-11-10_22-07-45,30,28800,65536,796,197,['prototype'],ICAL.DPrepA.DPrepB.DPrepC,True,standard,796,/home/rwb/Dropbox/University/PhD/experiment_data/chapter3/maximal/all,mid-adjusted,60,heft,250
hpso32,workflows/-2887030758418618714_2024-11-10_22-05-22,17,7920,65536,796,197,['prototype'],ICAL.DPrepB,False,standard,796,/home/rwb/Dropbox/University/PhD/experiment_data/chapter3/maximal/all,mid-adjusted,1,heft,740
hpso22,workflows/2768866859543975590_2024-11-10_22-13-06,81,28800,65536,796,197,['prototype'],ICAL.DPrepA.DPrepB,True,standard,796,/home/rwb/Dropbox/University/PhD/experiment_data/chapter3/maximal/all,mid-adjusted,15,heft,8862
hpso13,workflows/-6945540424978040141_2024-11-10_21-57-52,30,28800,65536,796,197,['prototype'],ICAL.DPrepA.DPrepB.DPrepC,False,standard,796,/home/rwb/Dropbox/University/PhD/experiment_data/chapter3/maximal/all,mid-adjusted,15,heft,489
hpso32,workflows/-2887030758418618714_2024-11-10_22-15-56,17,7920,65536,796,197,['prototype'],ICAL.DPrepB,True,standard,796,/home/rwb/Dropbox/University/PhD/experiment_data/chapter3/maximal/all,mid-adjusted,15,heft,112
hpso15,workflows/-5643670302229644219_2024-11-10_22-10-30,12,15840,65536,796,197,['prototype'],ICAL.DPrepA.DPrepB.DPrepC,True,standard,796,/home/rwb/Dropbox/University/PhD/experiment_data/chapter3/maximal/all,mid-adjusted,60,heft,146
hpso13,workflows/-6945540424978040141_2024-11-10_21-57-52,30,28800,65536,796,197,['prototype'],ICAL.DPrepA.DPrepB.DPrepC,False,standard,796,/home/rwb/Dropbox/University/PhD/experiment_data/chapter3/maximal/all,mid-adjusted,5,heft,1233
hpso15,workflows/-5643670302229644219_2024-11-10_22-00-24,12,15840,65536,796,197,['prototype'],ICAL.DPrepA.DPrepB.DPrepC,False,standard,796,/home/rwb/Dropbox/University/PhD/experiment_data/chapter3/maximal/all,mid-adjusted,15,heft,164
hpso13,workflows/-6945540424978040141_2024-11-10_22-07-45,30,28800,65536,796,197,['prototype'],ICAL.DPrepA.DPrepB.DPrepC,True,standard,796,/home/rwb/Dropbox/University/PhD/experiment_data/chapter3/maximal/all,mid-adjusted,30,heft,377
hpso22,workflows/2768866859543975590_2024-11-10_22-13-06,81,28800,65536,796,197,['prototype'],ICAL.DPrepA.DPrepB,True,standard,796,/home/rwb/Dropbox/University/PhD/experiment_data/chapter3/maximal/all,mid-adjusted,60,heft,2256
hpso32,workflows/-2887030758418618714_2024-11-10_22-15-56,17,7920,65536,796,197,['prototype'],ICAL.DPrepB,True,standard,796,/home/rwb/Dropbox/University/PhD/experiment_data/chapter3/maximal/all,mid-adjusted,60,heft,78
hpso22,workflows/2768866859543975590_2024-11-10_22-02-55,81,28800,65536,796,197,['prototype'],ICAL.DPrepA.DPrepB,False,standard,796,/home/rwb/Dropbox/University/PhD/experiment_data/chapter3/maximal/all,mid-adjusted,15,heft,4253
hpso15,workflows/-5643670302229644219_2024-11-10_22-00-24,12,15840,65536,796,197,['prototype'],ICAL.DPrepA.DPrepB.DPrepC,False,standard,796,/home/rwb/Dropbox/University/PhD/experiment_data/chapter3/maximal/all,mid-adjusted,5,heft,222
hpso22,workflows/2768866859543975590_2024-11-10_22-02-55,81,28800,65536,796,197,['prototype'],ICAL.DPrepA.DPrepB,False,standard,796,/home/rwb/Dropbox/University/PhD/experiment_data/chapter3/maximal/all,mid-adjusted,30,heft,2154
hpso32,workflows/-2887030758418618714_2024-11-10_22-05-22,17,7920,65536,796,197,['prototype'],ICAL.DPrepB,False,standard,796,/home/rwb/Dropbox/University/PhD/experiment_data/chapter3/maximal/all,mid-adjusted,15,heft,112
hpso32,workflows/-2887030758418618714_2024-11-10_22-05-22,17,7920,65536,796,197,['prototype'],ICAL.DPrepB,False,standard,796,/home/rwb/Dropbox/University/PhD/experiment_data/chapter3/maximal/all,mid-adjusted,30,heft,90
hpso22,workflows/2768866859543975590_2024-11-10_22-02-55,81,28800,65536,796,197,['prototype'],ICAL.DPrepA.DPrepB,False,standard,796,/home/rwb/Dropbox/University/PhD/experiment_data/chapter3/maximal/all,mid-adjusted,5,heft,12642
hpso13,workflows/-6945540424978040141_2024-11-10_21-57-52,30,28800,65536,796,197,['prototype'],ICAL.DPrepA.DPrepB.DPrepC,False,standard,796,/home/rwb/Dropbox/University/PhD/experiment_data/chapter3/maximal/all,mid-adjusted,30,heft,300
hpso13,workflows/-6945540424978040141_2024-11-10_21-57-52,30,28800,65536,796,197,['prototype'],ICAL.DPrepA.DPrepB.DPrepC,False,standard,796,/home/rwb/Dropbox/University/PhD/experiment_data/chapter3/maximal/all,mid-adjusted,60,heft,216
hpso02a,workflows/8988841495393588671_2024-11-10_21-53-08,59,18000,32768,896,512,['prototype'],ICAL.DPrepA.DPrepB.DPrepC.DPrepD,True,edges,896,/home/rwb/Dropbox/University/PhD/experiment_data/chapter3/maximal/all,low-adjusted,1,heft,79989
hpso15,workflows/-5643670302229644219_2024-11-10_22-00-24,12,15840,65536,796,197,['prototype'],ICAL.DPrepA.DPrepB.DPrepC,False,standard,796,/home/rwb/Dropbox/University/PhD/experiment_data/chapter3/maximal/all,mid-adjusted,30,heft,150
hpso02a,workflows/8988841495393588671_2024-11-10_21-53-08,59,18000,32768,896,512,['prototype'],ICAL.DPrepA.DPrepB.DPrepC.DPrepD,True,edges,896,/home/rwb/Dropbox/University/PhD/experiment_data/chapter3/maximal/all,low-adjusted,15,heft,4979
hpso15,workflows/-5643670302229644219_2024-11-10_22-00-24,12,15840,65536,796,197,['prototype'],ICAL.DPrepA.DPrepB.DPrepC,False,standard,796,/home/rwb/Dropbox/University/PhD/experiment_data/chapter3/maximal/all,mid-adjusted,60,heft,146
hpso22,workflows/2768866859543975590_2024-11-10_22-02-55,81,28800,65536,796,197,['prototype'],ICAL.DPrepA.DPrepB,False,standard,796,/home/rwb/Dropbox/University/PhD/experiment_data/chapter3/maximal/all,mid-adjusted,60,heft,1114
hpso02a,workflows/8988841495393588671_2024-11-10_21-53-08,59,18000,32768,896,512,['prototype'],ICAL.DPrepA.DPrepB.DPrepC.DPrepD,True,edges,896,/home/rwb/Dropbox/University/PhD/experiment_data/chapter3/maximal/all,low-adjusted,1,heft,79989
hpso32,workflows/-2887030758418618714_2024-11-10_22-05-22,17,7920,65536,796,197,['prototype'],ICAL.DPrepB,False,standard,796,/home/rwb/Dropbox/University/PhD/experiment_data/chapter3/maximal/all,mid-adjusted,60,heft,78
hpso01,workflows/-4798338277640702793_2024-11-10_21-49-39,118,18000,65536,896,512,['prototype'],ICAL.DPrepA.DPrepB.DPrepC.DPrepD,True,edges,896,/home/rwb/Dropbox/University/PhD/experiment_data/chapter3/maximal/all,low-adjusted,30,heft,4251
hpso01,workflows/-4798338277640702793_2024-11-10_21-49-39,118,18000,65536,896,512,['prototype'],ICAL.DPrepA.DPrepB.DPrepC.DPrepD,True,edges,896,/home/rwb/Dropbox/University/PhD/experiment_data/chapter3/maximal/all,low-adjusted,5,heft,26316
hpso01,workflows/-4798338277640702793_2024-11-10_21-49-39,118,18000,65536,896,512,['prototype'],ICAL.DPrepA.DPrepB.DPrepC.DPrepD,True,edges,896,/home/rwb/Dropbox/University/PhD/experiment_data/chapter3/maximal/all,low-adjusted,1,heft,131704
hpso02a,workflows/8988841495393588671_2024-11-10_21-53-08,59,18000,32768,896,512,['prototype'],ICAL.DPrepA.DPrepB.DPrepC.DPrepD,True,edges,896,/home/rwb/Dropbox/University/PhD/experiment_data/chapter3/maximal/all,low-adjusted,30,heft,2531
hpso02a,workflows/8988841495393588671_2024-11-10_21-53-08,59,18000,32768,896,512,['prototype'],ICAL.DPrepA.DPrepB.DPrepC.DPrepD,True,edges,896,/home/rwb/Dropbox/University/PhD/experiment_data/chapter3/maximal/all,low-adjusted,5,heft,15969
hpso02a,workflows/8988841495393588671_2024-11-10_21-53-08,59,18000,32768,896,512,['prototype'],ICAL.DPrepA.DPrepB.DPrepC.DPrepD,True,edges,896,/home/rwb/Dropbox/University/PhD/experiment_data/chapter3/maximal/all,low-adjusted,30,heft,2531
hpso02a,workflows/8988841495393588671_2024-11-10_21-53-08,59,18000,32768,896,512,['prototype'],ICAL.DPrepA.DPrepB.DPrepC.DPrepD,True,edges,896,/home/rwb/Dropbox/University/PhD/experiment_data/chapter3/maximal/all,low-adjusted,5,heft,15969
hpso01,workflows/-4798338277640702793_2024-11-10_21-49-39,118,18000,65536,896,512,['prototype'],ICAL.DPrepA.DPrepB.DPrepC.DPrepD,True,edges,896,/home/rwb/Dropbox/University/PhD/experiment_data/chapter3/maximal/all,low-adjusted,60,heft,2053
hpso01,workflows/-4798338277640702793_2024-11-10_21-49-39,118,18000,65536,896,512,['prototype'],ICAL.DPrepA.DPrepB.DPrepC.DPrepD,True,edges,896,/home/rwb/Dropbox/University/PhD/experiment_data/chapter3/maximal/all,low-adjusted,15,heft,8428
hpso02a,workflows/8988841495393588671_2024-11-10_21-53-08,59,18000,32768,896,512,['prototype'],ICAL.DPrepA.DPrepB.DPrepC.DPrepD,True,edges,896,/home/rwb/Dropbox/University/PhD/experiment_data/chapter3/maximal/all,low-adjusted,60,heft,1201,
hpso02a,workflows/8988841495393588671_2024-11-10_21-53-08,59,18000,32768,896,512,['prototype'],ICAL.DPrepA.DPrepB.DPrepC.DPrepD,True,edges,896,/home/rwb/Dropbox/University/PhD/experiment_data/chapter3/maximal/all,low-adjusted,15,heft,4979
hpso02a,workflows/8988841495393588671_2024-11-10_21-53-08,59,18000,32768,896,512,['prototype'],ICAL.DPrepA.DPrepB.DPrepC.DPrepD,True,edges,896,/home/rwb/Dropbox/University/PhD/experiment_data/chapter3/maximal/all,low-adjusted,60,heft,1201
